dataset,split,Gaussian Process,XGBoost,FFNN,gp_rmse,xgb_rmse,ffnn_rmse
A2a,RND_00,0.7528139331752868,0.5635890931697954,0.7070862089048131,0.675239755262217,0.8972093859492809,0.7350483721295904
A2a,RND_01,0.5953497760905659,0.21409866369735175,0.4855212016183392,0.8561760821522126,1.1931834268814696,0.9653992119268494
A2a,RND_02,0.6178800543700693,0.39474225031524035,0.5998778206484539,0.8093095334133268,1.018556165665864,0.8281540221070312
A2a,RND_03,0.688749546894165,0.6873821485786815,0.6089798832853459,0.6751237484536229,0.6766051139725483,0.7567073276697636
A2a,RND_04,0.4969126730972042,-0.02754564335375953,0.3436539504095505,0.6333643711138129,0.9051748978266925,0.7234331045874581
A2a,RND_05,0.8135948427064738,0.7651207704131766,0.7850204035502485,0.4701433373703024,0.5277443966065741,0.5048936929759079
A2a,RND_06,0.5937813673567465,0.5370495170636049,0.5135690731026208,0.8304499742019341,0.8865450855616178,0.9087494176942635
A2a,RND_07,0.8022527390593903,0.5867818143903962,0.6315358886176935,0.505935915501349,0.7313579476020042,0.690617960865319
A2a,RND_08,0.4910184270615666,0.372690841763746,0.48466701266049217,0.7396653769294163,0.8211548729825713,0.7442660897615855
A2a,RND_09,0.513085612471835,0.3321335739020145,0.3857238259417882,0.7262010233368986,0.8505020383244031,0.815666053549443
A2a,SCAF_00,0.012975648261492556,-0.3013526528467665,-0.009198791189165112,1.044127613051152,1.198911561675991,1.0557911281381709
A2a,SCAF_01,0.37440132153676076,0.3863785186381117,0.1796517653566544,0.690115715155116,0.6834775960439929,0.7902656948455717
A2a,SCAF_02,0.5977982980338175,0.7579983074413128,0.7025881670958027,1.0593749838864603,0.8217447970379331,0.9109758899307632
A2a,SCAF_03,0.28762731254032603,-0.2809692470313718,0.354049961002448,0.8409768783410243,1.127716090872383,0.8008107415818677
A2a,SCAF_04,0.642141952520045,0.6851892485022911,0.6802848875471578,1.040471355862104,0.9758869548607779,0.9834591315915029
A2a,SCAF_05,0.4253178696797847,0.32499374356752053,0.45720399151323965,0.6765328739435826,0.7332109752604138,0.657496402277837
A2a,SCAF_06,0.2171754030344598,0.06764545205898853,0.08953315249306482,0.9969945391061915,1.0880556157373298,1.0752083199840248
A2a,SCAF_07,0.44197718454234036,0.7576419944739697,0.5773181769822735,1.3070802398796777,0.8614001758349703,1.1375829050149968
A2a,SCAF_08,0.16901829284551062,0.09536337230493641,0.14936456177144686,1.0369165070414135,1.081895066467916,1.0491070183085327
A2a,SCAF_09,0.35682954598847816,-0.24075751956378433,0.3010230672611981,0.8349054540199177,1.159625383581633,0.8703735348774794
ABL1,RND_00,0.5182917433801801,0.3835655450717985,0.4404138118289119,0.7965398169698467,0.901070760857735,0.8585170766642127
ABL1,RND_01,0.584455541827854,0.4516984178037027,0.5014163574287467,0.6697577600032624,0.7693407850913324,0.7336315835238699
ABL1,RND_02,0.5672347839985334,0.48617890837436284,0.588934940754175,0.7786904554497556,0.8484859239606736,0.7589164381357627
ABL1,RND_03,0.46505613373887,0.3432314066394123,0.4277487814376363,0.803034018615574,0.8897869373782904,0.8305641862346024
ABL1,RND_04,0.5418255548486768,0.48044444672335573,0.36175764488655127,0.7179197055264449,0.7644981491586262,0.847331308165555
ABL1,RND_05,0.44769185077555174,0.38804887285628853,0.29353412508590027,0.8085720450974649,0.8511113189144687,0.9144786928923779
ABL1,RND_06,0.5474432256370265,0.37097363332075206,0.5340440270042894,0.7836397622089478,0.9238774224481721,0.7951560554817362
ABL1,RND_07,0.5332786941913559,0.37124071533669356,0.43480796567478885,0.7427996257701825,0.8621544386411895,0.817411755228575
ABL1,RND_08,0.5606793753856798,0.31998194827573834,0.48171555816991884,0.7230405864511414,0.8995640702947338,0.785336831867101
ABL1,RND_09,0.5112876481135225,0.38486823059980957,0.425153232600617,0.7705039044593404,0.8644348447528047,0.8356496444122045
ABL1,SCAF_00,0.2751163593106575,0.12736511787222604,0.2153373732914824,0.8383929744501102,0.9198770115845474,0.8722780919802735
ABL1,SCAF_01,0.4598833916904018,0.33289151826627394,0.3441066115452698,0.7922901065342952,0.8805189319595199,0.8730861390757789
ABL1,SCAF_02,0.4557432040205188,0.4046678149166192,0.3923065195839559,0.7358669578364091,0.7696212549386799,0.7775702942062347
ABL1,SCAF_03,0.43725132178877335,0.30983599204917167,0.4319771364919823,0.7937642768345343,0.8790436912948482,0.7974752553478934
ABL1,SCAF_04,0.4811123439134307,0.47351787304184334,0.42155918584476304,0.9137167546539242,0.9203790723099902,0.9647268886828942
ABL1,SCAF_05,0.3587874904709383,0.2812498927439103,0.36579267220719824,1.0165065903373929,1.0762128337300745,1.010938725702581
ABL1,SCAF_06,0.3086730649665689,0.07890142978524572,0.2956834845041785,0.9139511565318785,1.0549558915917423,0.9224974703551827
ABL1,SCAF_07,0.29169733451807855,0.3083950740694623,0.30055480953253366,1.032162190822199,1.019923379693898,1.0256881839170673
ABL1,SCAF_08,0.36756600364838266,0.27773446488582454,0.2630669187348105,0.9725016970056631,1.039276746267174,1.049776364549392
ABL1,SCAF_09,0.47284127461424386,0.2199460554624767,0.4170885979668182,0.8709907385180724,1.0595102342515048,0.9158916773940866
Acetylcholinesterase,RND_00,0.7224374756348384,0.6772096664273795,0.6816853141493151,0.6740568694458646,0.7269028724745957,0.7218458477146614
Acetylcholinesterase,RND_01,0.7038730079542425,0.6453283129417224,0.638860219578428,0.6935313094685854,0.7589974814990132,0.7658870728594238
Acetylcholinesterase,RND_02,0.7084397719058497,0.6637872964622571,0.6240791517502917,0.6772852891755755,0.72730163101493,0.7690520037552063
Acetylcholinesterase,RND_03,0.663667450431438,0.6241717717245614,0.6554563218860587,0.7389566335303491,0.781140581501901,0.7479225804943623
Acetylcholinesterase,RND_04,0.6780374956441506,0.6379347125022666,0.6408240137671313,0.7170584761543646,0.7604057113191679,0.7573655940199226
Acetylcholinesterase,RND_05,0.6752057070730633,0.6580704882864381,0.6424659865341242,0.7189694469216106,0.7376910822858875,0.7543361526894525
Acetylcholinesterase,RND_06,0.666773955744751,0.6005034161417405,0.6095978045026987,0.7087020858239159,0.7759804452220228,0.7670971475429796
Acetylcholinesterase,RND_07,0.6830488535481567,0.640914127784717,0.6507746151409106,0.7053564792784468,0.7507782037430905,0.7403982760391382
Acetylcholinesterase,RND_08,0.6694270097289785,0.6341085115578128,0.629088971061748,0.7208077965551717,0.7583364754731998,0.7635204364771696
Acetylcholinesterase,RND_09,0.6695758325255834,0.6226501245772751,0.6149020920092609,0.7129400551317144,0.7618846410189967,0.7696666926178518
Acetylcholinesterase,SCAF_00,0.38052038066622695,0.33841600124772964,0.3174927453559463,0.958185795123524,0.9902132041666653,1.0057495637544671
Acetylcholinesterase,SCAF_01,0.4405448373947626,0.39686801602960253,0.32595657370737485,0.9830194891552363,1.0206707404909914,1.0790049176141068
Acetylcholinesterase,SCAF_02,0.3126256251662505,0.25370720508989497,0.26066846550865697,1.0495103992657489,1.0935652511453353,1.0884530297819306
Acetylcholinesterase,SCAF_03,0.3795117072457319,0.3362489229315385,0.28893188992947594,0.9669211235222781,1.0000618759436901,1.0350941475387592
Acetylcholinesterase,SCAF_04,0.49823642191549744,0.43143537314720615,0.4283302812408888,0.9002793513043549,0.9583356426519488,0.9609489502264081
Acetylcholinesterase,SCAF_05,0.417992287712873,0.26728939145078023,0.373141077991636,1.0152991816108763,1.1391893234438175,1.0536941576911596
Acetylcholinesterase,SCAF_06,0.4334697737603558,0.36550746176366544,0.3627732956086138,0.9283831424475122,0.9824918637355312,0.9846064735221753
Acetylcholinesterase,SCAF_07,0.47425981745520074,0.46884230432744456,0.4016565393994702,0.8958520662052293,0.9004559102321146,0.9557096877485529
Acetylcholinesterase,SCAF_08,0.5401971434660628,0.47919366466679325,0.46908578739532103,0.8073913117559922,0.8592832941326154,0.8675817642894796
Acetylcholinesterase,SCAF_09,0.48999718292509686,0.438575016033256,0.4223335348897941,0.9224640520590163,0.9678521765709701,0.9817518801671262
Aurora-A,RND_00,0.6873572165558928,0.6330098361811862,0.6474705734604074,0.8304854201229004,0.8997772750128781,0.8818718816810921
Aurora-A,RND_01,0.695197482408483,0.6394182816332705,0.651847766179559,0.7695841923405956,0.83704482471759,0.8224915722309684
Aurora-A,RND_02,0.6683236317307006,0.6235937763635802,0.6132047832322967,0.8292889268478936,0.8834398787589246,0.895548579116908
Aurora-A,RND_03,0.7366387601482358,0.7162618875121838,0.67094687069299,0.7587320195076633,0.7875376418450835,0.848096939253927
Aurora-A,RND_04,0.7093878759069775,0.6705894088547845,0.643203016807347,0.7953612144066264,0.8467911758814097,0.8812885575111885
Aurora-A,RND_05,0.7242675835902864,0.6648324265045857,0.6746007244081247,0.7634249565639777,0.8416924610326033,0.8293364063227189
Aurora-A,RND_06,0.6688672652802068,0.6125765314923716,0.6041892143479437,0.8138007147411309,0.8802579812835762,0.889735299551623
Aurora-A,RND_07,0.6380942434318888,0.5896061663727721,0.6131816469683826,0.85171742062847,0.9069810180733827,0.8805445235074533
Aurora-A,RND_08,0.7060664187464766,0.6651535526550754,0.6505044002551046,0.7782945729585873,0.8306962440825038,0.8486727451940823
Aurora-A,RND_09,0.683456481588397,0.6519523983289104,0.6047290136911962,0.8181368824601241,0.8578840268051046,0.9142326508980304
Aurora-A,SCAF_00,0.5949494662414442,0.5015138458286408,0.48603601735804647,0.8991748388976605,0.9975073200113028,1.0128750754145235
Aurora-A,SCAF_01,0.5973538878588734,0.5471728822079609,0.5394822490123015,0.9044119961236388,0.9591151976439894,0.9672255199228071
Aurora-A,SCAF_02,0.5888052712222615,0.46959987656543967,0.5514958676515482,0.9124761963653765,1.03633360887084,0.9529738837746982
Aurora-A,SCAF_03,0.5853339890280365,0.5229881155121212,0.5195914854473287,0.8435081315385982,0.9047001323400068,0.9079154408557824
Aurora-A,SCAF_04,0.3177024396585557,0.08193272462629653,0.16094020721052138,0.9392816092621942,1.0895474874036648,1.0416105383395737
Aurora-A,SCAF_05,0.5434085764166314,0.496503857173734,0.5138325525016203,0.8825733281035788,0.9267978076431515,0.9107094896659019
Aurora-A,SCAF_06,0.5604810057278253,0.5678481976747807,0.5501567172367043,1.0222016489039103,1.0135984023275866,1.0341377049810696
Aurora-A,SCAF_07,0.5651164783070337,0.5404910351652036,0.5264936329472867,0.9467077866206224,0.9731425619636677,0.9878531402921494
Aurora-A,SCAF_08,0.5430168799888655,0.4642732943490532,0.41544084392009184,0.9140288774281184,0.9896496735767009,1.0337703487724201
Aurora-A,SCAF_09,0.5342867702517777,0.4322122082342347,0.3715510634761727,0.9153395231122864,1.0106853079312488,1.0633051691720383
B-raf,RND_00,0.789617442350758,0.7361004075418036,0.7492725384032668,0.5887516827623422,0.6593965277576596,0.6427295213701995
B-raf,RND_01,0.7403224391525405,0.6597967828192242,0.6736387134864277,0.6444053926784992,0.7375834487916336,0.7224225150802086
B-raf,RND_02,0.7774139476847264,0.7261140208719699,0.707571837874771,0.5856336721663401,0.6496238574061158,0.6712536546405578
B-raf,RND_03,0.7215765544491142,0.6878603568492441,0.6967829856745147,0.704819609263314,0.7462761138271053,0.7355324881483072
B-raf,RND_04,0.75393818113378,0.7042748004863824,0.6802845122730921,0.6362730464215306,0.6975343157855812,0.7252759034373029
B-raf,RND_05,0.7427006909527676,0.6596999189177752,0.7146665629027584,0.628950866790465,0.7233166068165583,0.6623289587538613
B-raf,RND_06,0.7385690505716636,0.6325271914410882,0.6484836117456956,0.6397901351009637,0.758528046987687,0.7418768649417176
B-raf,RND_07,0.7190567821412193,0.613608976972372,0.642736040080011,0.6664502613730843,0.7815773775085084,0.751541678199702
B-raf,RND_08,0.7638432023874799,0.6801539785979545,0.7526574575636124,0.6266211813704802,0.7292481263779451,0.6412896870798361
B-raf,RND_09,0.7281649764556835,0.6780480014407326,0.6823021438053567,0.6521928889749912,0.7097720877829897,0.7050671744938966
B-raf,SCAF_00,0.674947729591016,0.591458178397742,0.6345852523536019,0.7190557345090404,0.8061283834245943,0.7623931537331795
B-raf,SCAF_01,0.6386222355309608,0.587703340739139,0.5846833569335212,0.8566883418670896,0.915054690110185,0.9183998644080058
B-raf,SCAF_02,0.6603589395148237,0.5371859342898111,0.6212593176848782,0.5825788764659933,0.6800610696908483,0.6151989961522326
B-raf,SCAF_03,0.5556882521607751,0.4914723972488805,0.5407570986572425,0.8775507544960706,0.9388270871327438,0.8921740185311124
B-raf,SCAF_04,0.6430715309754401,0.6363153629857181,0.5905488046443756,0.7981557793179582,0.8056743658710399,0.8548661874041734
B-raf,SCAF_05,0.5355027376200839,0.45076173933378294,0.45309544157296955,0.8947543606342483,0.9729547347366109,0.9708855018892587
B-raf,SCAF_06,0.7057401092625144,0.6836504041700174,0.7003449983247636,0.8192411325787586,0.8494344229116004,0.8267172130650381
B-raf,SCAF_07,0.5122018848210061,0.38255962623936923,0.43935649464770143,0.7982622742726238,0.8980966122963349,0.8557934218284647
B-raf,SCAF_08,0.5939686033189805,0.547573292265266,0.5245297348762151,0.8088728242980583,0.8538361798373487,0.8753104579162772
B-raf,SCAF_09,0.6940745452818113,0.6037775805936729,0.651494294438305,0.7675529319826903,0.8735143635278838,0.8192292954006605
COX-1,RND_00,0.3609886333190018,0.2343366044243811,0.1862280065725529,0.7287847464952483,0.7977446954785197,0.822425092126041
COX-1,RND_01,0.4188625375025007,0.3426383326062088,0.3050277091150452,0.6273918175881819,0.6672700031497338,0.6860932689403892
COX-1,RND_02,0.35798986042973846,0.3079299796927679,0.2865779635504707,0.7661719567206873,0.7954819444730586,0.8076599882804079
COX-1,RND_03,0.404687067238061,0.3911839381864819,0.35038412744393077,0.7231801852010192,0.7313359294781262,0.7554438210744799
COX-1,RND_04,0.45445877808203383,0.4267584661282168,0.37668806514209785,0.6301818218975417,0.6459827338278145,0.6736042315212678
COX-1,RND_05,0.4570072290883007,0.40996146186124505,0.28506276463139824,0.6531543392149065,0.6808618205974754,0.7494674069427143
COX-1,RND_06,0.32603758838400654,0.27944789368206135,0.24002226590681564,0.7171649989574456,0.7415389095573554,0.7615557160745425
COX-1,RND_07,0.4532730862804607,0.37487594748217556,0.35692511982250985,0.6713441651184183,0.7178655241229026,0.7280995534496938
COX-1,RND_08,0.4330123049219642,0.33082234152113166,0.3411859581085406,0.6822451034138967,0.7411810838994587,0.7354193184380121
COX-1,RND_09,0.4461591408858937,0.4362217937423699,0.33111806718863435,0.6849035669016366,0.6910207261480155,0.7526822327369652
COX-1,SCAF_00,0.2499449721831869,0.060645216573964156,-0.04988024862564133,0.7884273776674915,0.882327791483893,0.9327924363418155
COX-1,SCAF_01,0.23983982411502536,0.10705219706144464,-0.007595927280539261,0.7389987992873732,0.8009477994058328,0.8508135105277828
COX-1,SCAF_02,0.19286848332530593,-0.02911204159164482,-0.21514194451071345,0.7192310869226624,0.8121338780677501,0.8824900217649935
COX-1,SCAF_03,0.21059765323749047,0.03371954172591962,0.056995704763485255,0.748335645652914,0.8279399223501246,0.8179072567939084
COX-1,SCAF_04,0.24578687810420408,0.19149497562426487,0.0995352693976781,0.7878992620229283,0.8157648967979739,0.8609085187269953
COX-1,SCAF_05,0.3181624127353663,0.1815771927984422,0.18840162026508023,0.7509008322789726,0.822680073318129,0.8192429297909745
COX-1,SCAF_06,0.08731737243527171,-0.062458856350355196,-0.31567824196516336,0.8217636925512471,0.8866314202953457,0.9866472357564773
COX-1,SCAF_07,0.13423525665191238,0.04572470252085126,-0.13543551791376562,0.85432034410192,0.896928122709641,0.9783675462137101
COX-1,SCAF_08,0.18150290817945625,0.022730901303401163,-0.10904035733729223,0.7813614093885803,0.8537888345880986,0.9095300720117924
COX-1,SCAF_09,0.2823412925056832,0.2156193114396504,-0.03132942853234222,0.7497569820867502,0.7838356030035688,0.8987941657543328
COX-2,RND_00,0.5710092023219313,0.5252083460410821,0.5188526195702352,0.7627319285817259,0.8024158094153802,0.8077686639445724
COX-2,RND_01,0.594696945849279,0.5365506278135936,0.4984687429073763,0.753881196786069,0.8061467774261561,0.8386137436561673
COX-2,RND_02,0.5744328985949111,0.5148114269290069,0.5186567614859725,0.790978930169144,0.8445710163734218,0.8412175588678634
COX-2,RND_03,0.6100313686484907,0.5700425581031463,0.5185757210175241,0.7494178537606889,0.7869043268667533,0.8326705265011946
COX-2,RND_04,0.6256595495711172,0.56399981928719,0.5382680946674656,0.7007130093840832,0.7562234422787528,0.7782188460499838
COX-2,RND_05,0.5796499084861988,0.5585399406268616,0.5077241375150382,0.7656063525277886,0.7845952306169645,0.8285223455902265
COX-2,RND_06,0.5638194594688335,0.45102312505427944,0.5067649622453316,0.7577950765528134,0.8501502002621275,0.8058340161845715
COX-2,RND_07,0.6277846264791979,0.5787738632029681,0.5720840150928697,0.720175078574062,0.766123159139057,0.7721829184155297
COX-2,RND_08,0.6106014697780782,0.5194767855733693,0.5397396436444213,0.7559767990976564,0.839785748174172,0.8218888674583114
COX-2,RND_09,0.5977656352039074,0.5653100081298497,0.5562882308240364,0.7588569926132598,0.7888786001687145,0.7970229531368433
COX-2,SCAF_00,0.41566074423208954,0.17518054412219697,0.3454306559119056,0.8372804004038777,0.9947589192303269,0.8861683286804047
COX-2,SCAF_01,0.2060417574769685,-0.007310783120096698,-0.011168329880294259,1.149325206460082,1.294570905065217,1.2970473482597094
COX-2,SCAF_02,0.28033179214306303,0.178533433809972,-0.08236241175902825,1.086539843297921,1.1608455577442003,1.332495799007004
COX-2,SCAF_03,0.326222557015483,0.07620712114561867,0.2602301491486073,1.021593749467633,1.196209641268502,1.0704547343044424
COX-2,SCAF_04,-0.062233073496459346,-0.10059600180242967,-0.2068081198614513,1.087091885180409,1.1065481325068343,1.158711870047048
COX-2,SCAF_05,0.1880312406501714,0.04882114612819499,0.03581952154030299,0.884192529023041,0.9569919274430583,0.9635102699321727
COX-2,SCAF_06,0.2764673584539147,0.17674700825538925,0.17666373349702957,1.0245489625310376,1.0928745494293308,1.092929821966199
COX-2,SCAF_07,0.3044664269530314,0.09411271875081373,0.12624595234165692,0.9125778465284561,1.0414728523125538,1.0228347468282086
COX-2,SCAF_08,0.29742939582801875,0.21648921847347113,0.19711862664305646,0.9472759642011764,1.0003547045704617,1.0126449976722376
COX-2,SCAF_09,0.2473070102268159,0.1723339603961378,0.12022883071913859,0.998306853235764,1.0468457272084897,1.0792945392846856
Cannabinoid,RND_00,0.6780814627732513,0.6145525917739765,0.5907491302806493,0.6681609206375,0.7311233312614194,0.7533605660777895
Cannabinoid,RND_01,0.7296943508985465,0.6605758068329535,0.658110104958431,0.6895194279405762,0.7726634048232844,0.7754647817041003
Cannabinoid,RND_02,0.6163752021642561,0.5114018940753126,0.5245438776703455,0.6841644015903473,0.7721168433847958,0.7616621231220637
Cannabinoid,RND_03,0.6236337434761194,0.494541798410829,0.43496491687988803,0.7438300069193802,0.8620073690467822,0.9113937827273336
Cannabinoid,RND_04,0.6437655804009075,0.47465798748269006,0.5091738364214724,0.6814506896844799,0.8275372706721575,0.7998901490829217
Cannabinoid,RND_05,0.6511576508246089,0.5431810692121999,0.582419835289995,0.7055108841465487,0.8073487243471988,0.7718964570334674
Cannabinoid,RND_06,0.6933528666932667,0.618258791321719,0.5676742002482281,0.6304831830877007,0.7034586507259031,0.7486169039382401
Cannabinoid,RND_07,0.6579297225123382,0.5901838936618085,0.6187166824328022,0.724318655006935,0.792805240348067,0.7647084737731076
Cannabinoid,RND_08,0.6609602269456684,0.6483339535546442,0.6413123943203969,0.7368712670366672,0.7504668575145657,0.7579219469794767
Cannabinoid,RND_09,0.6532044218867167,0.5898382383297693,0.5859338980573738,0.7257502191758022,0.7892743421047457,0.7930220059994733
Cannabinoid,SCAF_00,0.49044564131061275,0.4773677684586055,0.444544985329714,0.8373922297347746,0.8480701183934909,0.8742952366125671
Cannabinoid,SCAF_01,0.6409580723048358,0.5256022659378324,0.5620772062892619,0.7311523740695242,0.840439806308207,0.8074842986573234
Cannabinoid,SCAF_02,0.5752368241044999,0.5567169032181373,0.5317019291104749,0.8774289759261735,0.8963531070538794,0.9212971485962532
Cannabinoid,SCAF_03,0.4414041695191422,0.3127685181090045,0.28797757820947956,0.7983673830354232,0.8855344555889735,0.9013651773062891
Cannabinoid,SCAF_04,0.5305781761975548,0.4998309443874107,0.4079397403535463,0.7582619740481493,0.7827012882602429,0.8515704732249191
Cannabinoid,SCAF_05,0.52623188737444,0.3989380994637882,0.36596069913253215,0.8029306083065925,0.9043878112627499,0.9288662637387916
Cannabinoid,SCAF_06,0.5437427624151914,0.49353208515617564,0.5115877018280268,0.8320388106203909,0.876626651309182,0.8608589452522243
Cannabinoid,SCAF_07,0.5221872180822169,0.44674136866656644,0.428041814425968,0.8638402335701473,0.9295412024889236,0.9451194173419275
Cannabinoid,SCAF_08,0.5364086685171101,0.4636693180360154,0.5458463688518334,0.831961125214879,0.8948530063917768,0.8234491313396335
Cannabinoid,SCAF_09,0.5236372713570386,0.4633856703563045,0.5338596558681903,0.8517092519704057,0.9039691526289229,0.842521173583279
Carbonic,RND_00,0.8139230755511034,0.7694051478251858,0.7812956190999717,0.6039782600294261,0.6723568764369033,0.654792638594222
Carbonic,RND_01,0.8250513203041362,0.7615431866044156,0.789910263931886,0.5425124976688193,0.6333726131467093,0.5945068054031124
Carbonic,RND_02,0.7480484328571346,0.6686777978739781,0.7017810268957686,0.6204247927818309,0.7114688363306644,0.674991412364231
Carbonic,RND_03,0.781050853191368,0.6875208426961559,0.7060394331315243,0.6324407247712206,0.7555422001094284,0.7328122780543559
Carbonic,RND_04,0.8753274595307199,0.8515412168975336,0.8477429175607623,0.4837234386553044,0.5278550429995739,0.5345649485526252
Carbonic,RND_05,0.8186854462293532,0.7812769654830679,0.7733510689268077,0.5632959410226823,0.6186820991186108,0.6297919811565381
Carbonic,RND_06,0.8405129226164262,0.8020286042264728,0.8076298586968189,0.5611588806593668,0.6252076925973056,0.6162996519236648
Carbonic,RND_07,0.8552908923448412,0.8291417289730129,0.829018109379019,0.5021155963876122,0.5455992721219483,0.5457966127736988
Carbonic,RND_08,0.7678442179212625,0.7448676613203808,0.7349282461544389,0.6120065734254281,0.6415774476858088,0.6539552945900446
Carbonic,RND_09,0.8163877168418037,0.730849831447883,0.8171192881075926,0.597653173211703,0.7235952250171592,0.5964613622300466
Carbonic,SCAF_00,0.652470551389144,0.5625655325197414,0.5516541147134042,0.6765039439082676,0.7589812151659658,0.7683889687067231
Carbonic,SCAF_01,0.6171440477694756,0.6363338405104093,0.5709895248143055,0.6022588225081349,0.5869713637727398,0.6375282255912911
Carbonic,SCAF_02,0.6832698598514317,0.6464040499204224,0.6384019957972098,0.7259004016720066,0.766983429689227,0.7756134875175197
Carbonic,SCAF_03,0.5273465428257527,0.3580487146926199,0.30553075596431256,0.8102415262616304,0.9442654831488732,0.9821313786580704
Carbonic,SCAF_04,0.5942374252966611,0.5968479226243113,0.37071027289525227,0.8753448348557193,0.8725245001662646,1.090105424370711
Carbonic,SCAF_05,0.5581181942205439,0.49002258501569096,0.5400194245286458,0.5664761353193499,0.6085608783147696,0.5779606948880597
Carbonic,SCAF_06,0.7383314700253462,0.679889874985177,0.7737866677543879,0.7537408776088051,0.8336735583751438,0.7008182782775956
Carbonic,SCAF_07,0.7848370198311739,0.8308335440584333,0.8122746044769404,0.7405491395021322,0.6566398440240548,0.691722050450114
Carbonic,SCAF_08,0.7437582928887809,0.7856677739215616,0.7827935865867582,0.7301165507738056,0.6677455788698029,0.6722078907588447
Carbonic,SCAF_09,0.5673516550828832,0.47652843455825367,0.2942051441028739,0.8145803065389691,0.8960101533699153,1.0404126579720139
Caspase,RND_00,0.817809987904751,0.8162829112142858,0.8145852735791138,0.5317137360620546,0.5339374400476604,0.5363986916014439
Caspase,RND_01,0.7181549203988224,0.6858970552379549,0.6924948579295328,0.6160022340174104,0.6502989645536332,0.6434328795992186
Caspase,RND_02,0.7898668140236996,0.7732239322734825,0.7936597063614269,0.5480879702705528,0.5693791472456785,0.5431189668932754
Caspase,RND_03,0.7618936808296046,0.7212347373500925,0.7570629551740751,0.6117182815486732,0.6618892482924658,0.6178924252883393
Caspase,RND_04,0.7842347794758446,0.7804549721915823,0.7554873300261199,0.5499015399608147,0.5546972566861573,0.5853894606615371
Caspase,RND_05,0.8302718458043803,0.8042208687186774,0.8022219773485297,0.5020234943275671,0.5391756824479682,0.541921165632683
Caspase,RND_06,0.7424448457820959,0.7207536770267471,0.6864283216833524,0.582388393950159,0.6064169342049485,0.6426078168479051
Caspase,RND_07,0.7903875678043659,0.7709100835143193,0.7651884702411011,0.5367704792518104,0.5611553286440478,0.5681196531983954
Caspase,RND_08,0.8195271177115674,0.7924931777055169,0.8136064566723189,0.5251124799807843,0.5630702121594463,0.5336564894174866
Caspase,RND_09,0.8311639418374228,0.8374472878986015,0.8322577492359057,0.4968556715504709,0.48752260727752306,0.49524361222727986
Caspase,SCAF_00,0.6889205725691938,0.6830343385498348,0.6460394683658629,0.6346499046000971,0.6406261779969916,0.6769802407993787
Caspase,SCAF_01,0.6352373594865661,0.5695507307167949,0.5664872670004727,0.7443815304835806,0.8086328886154437,0.8115052661274507
Caspase,SCAF_02,0.676982562230507,0.6044725021662487,0.6036007448596731,0.6360055063813072,0.703778884690345,0.7045540352205825
Caspase,SCAF_03,0.612323923633334,0.5310945935685948,0.5764742569515868,0.7977905917211705,0.8773987872712151,0.8338622558346372
Caspase,SCAF_04,0.7524886101471571,0.7543467807271528,0.7470281032697716,0.5899762549193436,0.5877574846420349,0.5964486731410964
Caspase,SCAF_05,0.6604316629766498,0.5655501401072562,0.5652091425683359,0.733589683530572,0.8297732921068655,0.8300988707026076
Caspase,SCAF_06,0.6244347006480068,0.5716294658779425,0.5099628072300393,0.7264913852605265,0.7758853191428499,0.8298550882520843
Caspase,SCAF_07,0.6620991785845595,0.5997698042181562,0.6555979575156357,0.6541763682465153,0.7119592769669929,0.6604395713566182
Caspase,SCAF_08,0.748650156383065,0.7260008755975667,0.6950973092488145,0.613657688782733,0.6407099343307625,0.6758767372453266
Caspase,SCAF_09,0.6769604534514717,0.6563996832139458,0.681794467063569,0.6702754550883334,0.691277223800289,0.6652414992221132
Coagulation,RND_00,0.6169628535709792,0.509756007061529,0.5117174591378544,0.7857598310187823,0.8889462806180661,0.887166174079734
Coagulation,RND_01,0.5072677055614664,0.4097070285902432,0.4525794466146372,0.8788187715135698,0.9618948890305087,0.926305751772282
Coagulation,RND_02,0.5172350292533727,0.4416917142676643,0.44861273740596197,0.9203506987108953,0.9897431570601545,0.9835893912531699
Coagulation,RND_03,0.5106254256431079,0.4490341245757591,0.47877401753861704,0.9201714329731625,0.9763609383793009,0.9496445360575473
Coagulation,RND_04,0.5857909439395526,0.5692295498620172,0.6216965108678159,0.8368009811531436,0.8533660043604905,0.7997100599050685
Coagulation,RND_05,0.5508328554791203,0.4088947685713008,0.47562983221244515,0.8171921055087008,0.9374596271553163,0.8829561988854582
Coagulation,RND_06,0.5325320061102095,0.43216076740382836,0.44693862802321027,0.8514807597130171,0.9384509878659532,0.9261590218366184
Coagulation,RND_07,0.5363077580030249,0.4802977201890811,0.4668407446389016,0.8775218092367437,0.9290098420072713,0.9409606896194918
Coagulation,RND_08,0.6037526843965719,0.514859706259295,0.5112300431524798,0.780845243289169,0.864003448529719,0.8672295231413303
Coagulation,RND_09,0.6308863115643537,0.5938935188921508,0.6004480729873923,0.7967122470347111,0.8356826349835107,0.8289112470828662
Coagulation,SCAF_00,0.4371396482572606,0.31491868040919857,0.29443613274475,0.9616123807547385,1.06089103673172,1.0766334860218303
Coagulation,SCAF_01,0.4871457200970244,0.38958884785501713,0.4016817690564405,0.9436965464586315,1.029548009758308,1.0192987501681483
Coagulation,SCAF_02,0.45320989805504963,0.42499166037327574,0.32438863002266893,0.9533193481525312,0.9776089231774135,1.0596844466404036
Coagulation,SCAF_03,0.4392228360754852,0.4161100276419136,0.3547797072547053,0.9161261967532028,0.9348149527256234,0.9826846020285529
Coagulation,SCAF_04,0.422147855104852,0.19292409102691455,0.34421681212383204,0.9478459832236016,1.1201768705696995,1.0097399712515165
Coagulation,SCAF_05,0.5815433255345053,0.5061485381530758,0.5207008510405753,0.8594330146462644,0.9336518348007652,0.9197930254670806
Coagulation,SCAF_06,0.4473658660917582,0.369048757480851,0.37109668380447713,0.949181295387394,1.0142107707809709,1.0125634825846146
Coagulation,SCAF_07,0.4463331858116546,0.34199383908719294,0.42497334572209966,0.9380736208593085,1.0226514931205266,0.9559972980907607
Coagulation,SCAF_08,0.5248333176417321,0.36374725496374005,0.4947756726278034,0.8695706517707962,1.0062287403398469,0.8966521833504475
Coagulation,SCAF_09,0.3642957260421029,0.30610900991539935,0.2399303305535968,0.9778085409219203,1.0215788309608442,1.0691852577615262
Dihydrofolate,RND_00,0.44189676773817743,0.3836918411359901,0.470947531875209,0.8254467489008539,0.8674226357023266,0.8036763064519178
Dihydrofolate,RND_01,0.5149670393510579,0.4579218621494221,0.5220221987269286,0.7819052570378896,0.826607712621175,0.7761977338904644
Dihydrofolate,RND_02,0.5805199475360763,0.5622867552285531,0.4910948294577432,0.7628193930842847,0.7792214746133183,0.8402035272413297
Dihydrofolate,RND_03,0.6120839034896124,0.5554107132511445,0.6307983368782873,0.7769721465285999,0.8317945037551296,0.7579985485863435
Dihydrofolate,RND_04,0.48392197692460415,0.32792872341943846,0.37441998984132796,0.8391862529752275,0.9576533794868969,0.9239364690932138
Dihydrofolate,RND_05,0.6264513201453366,0.5846072322077093,0.6346392612934619,0.7164665089134091,0.7555300749342571,0.7085707646959498
Dihydrofolate,RND_06,0.5298181693079863,0.4495002763034027,0.4124393331242239,0.7705314816998331,0.833750329967207,0.8613582618528195
Dihydrofolate,RND_07,0.554988223049145,0.4453746175237434,0.4729549529184437,0.7969021195074772,0.8896498303940203,0.8672475824699236
Dihydrofolate,RND_08,0.4383349350198299,0.25576231175758324,0.3533106929039386,0.8023712883385126,0.9236182446991484,0.8609630509787027
Dihydrofolate,RND_09,0.547678283727435,0.5055930708272177,0.527211208452355,0.7980798958046044,0.8343819982905093,0.8159362671832288
Dihydrofolate,SCAF_00,0.02399353802292059,-0.08662808512662568,-0.10292424633591724,1.203744199635013,1.2701304378859617,1.27961906801081
Dihydrofolate,SCAF_01,0.21800189949280857,0.09767538114358465,0.2019282198048451,1.042871939976255,1.1202360296329017,1.0535353452595566
Dihydrofolate,SCAF_02,0.23270158272958108,0.16871028617862172,0.20094175441775308,0.7686053677064448,0.8000137756249668,0.7843510470500996
Dihydrofolate,SCAF_03,0.4469444793685583,0.34236124706398974,0.26991810152852824,0.7439167050288088,0.81121065017652,0.8547236787899565
Dihydrofolate,SCAF_04,-0.0016794697432733763,-0.21125085741598215,-0.1250366184576872,1.1027901312046746,1.2126780965776485,1.1687236000839114
Dihydrofolate,SCAF_05,0.07970251386110139,-0.023745534084042896,-0.08283969822602821,1.0061990262866716,1.0612453124733374,1.091445009468346
Dihydrofolate,SCAF_06,0.20477338380517374,0.08309916879716694,0.2153128345020523,0.9215378419166425,0.9895298582736588,0.9154107214261119
Dihydrofolate,SCAF_07,0.29184969119888404,0.30287456612419816,0.342519752496669,0.891821687967498,0.8848522694471173,0.8593234436759056
Dihydrofolate,SCAF_08,0.3250383351373298,0.3634719026630051,0.3240791687542729,0.9109783371029149,0.8846618218311973,0.9116253883632837
Dihydrofolate,SCAF_09,-0.08114640427248632,-0.265849161491444,-0.25068305597272067,1.194762228603317,1.2927966239401174,1.2850288061465922
Dopamine,RND_00,0.5444192649078969,0.48760485815849797,0.4803388973709064,0.7103600671663246,0.7533527290134641,0.7586753424247107
Dopamine,RND_01,0.5782139944778719,0.46800603769367555,0.5340125251011737,0.7076649686250813,0.7947581057857465,0.7438215148973055
Dopamine,RND_02,0.49919152313672066,0.3784831941292658,0.29899217763999153,0.7059868759286794,0.7864791800838851,0.835261039171046
Dopamine,RND_03,0.5637170211959563,0.5490615395305312,0.5644020301868102,0.723502884231215,0.735554354418809,0.7229346742670254
Dopamine,RND_04,0.5382934151229894,0.48718688863666426,0.5254130978367156,0.7152384254884026,0.7537847804795716,0.7251463717141303
Dopamine,RND_05,0.5185339418217045,0.4954068683951186,0.4041863235588413,0.6860077397960893,0.7022905827946919,0.7631350689106505
Dopamine,RND_06,0.6137683042493077,0.5380221174798898,0.5189775825886092,0.685439156449764,0.7496448242737666,0.7649404256737007
Dopamine,RND_07,0.541774010529413,0.5205278728686447,0.4338017938743165,0.7040901469517321,0.7202281485521451,0.7826591240848143
Dopamine,RND_08,0.31658919133381824,0.2610459678209749,0.22769326252542288,0.8761851731817857,0.9110950556025142,0.9314292882369566
Dopamine,RND_09,0.5611379062893329,0.5000923612064077,0.4819785124492778,0.7147547909006304,0.7628478493782952,0.7765455352008631
Dopamine,SCAF_00,0.3147427687688611,0.21110805013604772,0.04559545515765917,0.7961418401081254,0.8542252348434097,0.9395716064197963
Dopamine,SCAF_01,0.11531476233433224,0.11244316082107553,0.015563984912451923,0.8855242243245419,0.886960222382223,0.9341138317174746
Dopamine,SCAF_02,0.3001464298229297,0.035435856151331824,0.2466990205539379,0.8983696104865604,1.0546710329665634,0.9320425240050663
Dopamine,SCAF_03,0.22984527407435051,-0.05671224038223999,0.03200254931317692,0.8585900033924097,1.005715640900331,0.9625735905354145
Dopamine,SCAF_04,0.2846462620944462,0.07967801375996098,0.35660031568167705,0.8155477705518109,0.9250365184786665,0.7734449375064548
Dopamine,SCAF_05,0.1668275373306204,0.090149534105888,0.12165439624820562,0.8318321474713555,0.8692671294195211,0.8540847403354968
Dopamine,SCAF_06,0.32255279614748245,0.17440729903771113,0.21448158350473512,0.785487741685613,0.8671307890402268,0.8458237397160727
Dopamine,SCAF_07,0.2058309065674776,0.005123457867402648,0.1279675563146231,0.846922115762263,0.9479197641234669,0.8874692303414974
Dopamine,SCAF_08,0.2890544597223178,0.1089332690710395,0.3229885205655244,0.8912255934095495,0.997756572037341,0.8696960525921372
Dopamine,SCAF_09,0.18596509292365537,0.14291122726456018,-0.04810818867700917,0.8295637797907709,0.8512187288509858,0.9413070784508902
Ephrin,RND_00,0.6396200343401424,0.5745476156898891,0.5964082899111485,0.6489908419484544,0.7051536034566426,0.6867985462051719
Ephrin,RND_01,0.6036442044559553,0.5743582859158676,0.5843483913838216,0.6883942004839326,0.7133730331576756,0.7049516465344565
Ephrin,RND_02,0.6482373486825598,0.6107816239494889,0.595999651396014,0.6468711357768363,0.6804395958269178,0.6932402651850417
Ephrin,RND_03,0.6405834661767416,0.6152071713175318,0.5815249780343299,0.6481296084621431,0.6706197211755919,0.6993548746958881
Ephrin,RND_04,0.5989478837129767,0.5621018581750814,0.5814848788016644,0.7154855028792177,0.7476304537797561,0.7308967139059962
Ephrin,RND_05,0.6680171077835584,0.6067272419473877,0.6207419483828817,0.6031268955223787,0.6564441395513341,0.6446414817750061
Ephrin,RND_06,0.6708003819630755,0.6238089224128359,0.6303974163217323,0.6099187955964052,0.6519985068129607,0.6462638372360484
Ephrin,RND_07,0.6444212318263548,0.6219047364903145,0.6395588890821483,0.6760934456905524,0.6971711926932487,0.6807003516771237
Ephrin,RND_08,0.6375639198672342,0.5753325478598509,0.6049498593226905,0.6555762598389412,0.7096300439450479,0.6844372162481422
Ephrin,RND_09,0.6998534332490634,0.6495453217982117,0.6317674132635074,0.5960421486367463,0.6440598291219222,0.6601937232376369
Ephrin,SCAF_00,0.33335623227894184,0.21714981279313827,0.1768613601219856,0.8506366669628973,0.9217996043564284,0.9452216967696903
Ephrin,SCAF_01,0.550401222316443,0.5251976984026958,0.48362510341486187,0.8236908488635654,0.846463211643261,0.8827429151271433
Ephrin,SCAF_02,0.6043556469501985,0.5288327714889192,0.5302169255811745,0.7291605639169799,0.7957162447293472,0.7945465920934588
Ephrin,SCAF_03,0.35571091052544435,0.2973392125834141,0.2519342086338625,0.8617157407809893,0.8999046516628211,0.9285248587007701
Ephrin,SCAF_04,0.3850693277863635,0.24700538731636257,0.36153323325678277,0.798169477809766,0.8832384620471628,0.8133007757632069
Ephrin,SCAF_05,0.47822538397358105,0.40352720808717124,0.28702897802219063,0.7764849762789304,0.830207978509159,0.9076690417686131
Ephrin,SCAF_06,0.49729888318351256,0.2552873295257887,0.39254239751122144,0.706819307148384,0.8602958946126059,0.7769829070736006
Ephrin,SCAF_07,0.4527619218473715,0.4026746548921032,0.3681079237070489,0.8262641860627322,0.8632493216591036,0.887875820787235
Ephrin,SCAF_08,0.5329702553400087,0.5037941258792025,0.3657677226212458,0.7873659951013608,0.8115874719682349,0.9175474953529419
Ephrin,SCAF_09,0.49220237896805363,0.39423169175540773,0.49282225218857534,0.7857049338051744,0.8581583324581699,0.7852252287503663
Estrogen,RND_00,0.815469257829421,0.7795284361794235,0.8075917317403838,0.6095184870663147,0.6662370946936167,0.6223925474425102
Estrogen,RND_01,0.7891847096615742,0.7228043980945333,0.7759604834292302,0.623813749535403,0.7153145468409583,0.6430817765541915
Estrogen,RND_02,0.8056259365197147,0.7713318235484833,0.7843049197916163,0.6100112288879447,0.6616396705210503,0.6425971457338868
Estrogen,RND_03,0.8017958331185525,0.7747701192150955,0.7823687985861383,0.5917051508801737,0.6307568318185697,0.6200254831172304
Estrogen,RND_04,0.7974643890814788,0.7523626200413502,0.7825665341208929,0.6141973840217165,0.6791494689768115,0.6363857692985591
Estrogen,RND_05,0.83133570021495,0.8173065629210702,0.8031897848075228,0.5643779464204873,0.5873810406232786,0.6096523739118773
Estrogen,RND_06,0.822652838821495,0.7672334440380536,0.7865529180211035,0.5535412487497644,0.6341589980390737,0.6072716118385386
Estrogen,RND_07,0.7849356063214065,0.7253627723146742,0.7849636781562266,0.6344112998316308,0.7169128355858903,0.6343698943946485
Estrogen,RND_08,0.7971173188238935,0.7743747079526716,0.7673884331350989,0.6195162310422354,0.6533171999687287,0.6633547674683407
Estrogen,RND_09,0.8115143410420197,0.7698448055435394,0.7752529136749933,0.5826940712175913,0.6438902274254192,0.6362803015293014
Estrogen,SCAF_00,0.6937110507363691,0.6090308394033055,0.6271941041872173,0.6782571765719223,0.7663020451495255,0.7482903071131844
Estrogen,SCAF_01,0.7299685958496802,0.6945365775872063,0.7135484892041519,0.6968629132387263,0.7411733947386124,0.7177377243095427
Estrogen,SCAF_02,0.717755959124145,0.6781322918991546,0.7137695404072073,0.7550601072953027,0.8063207545262375,0.7603736506134237
Estrogen,SCAF_03,0.7522891917001262,0.7490511142796562,0.7635227164261431,0.7373642944556845,0.7421680623146886,0.7204508193563669
Estrogen,SCAF_04,0.7529451576854523,0.6910270153307129,0.61884108473517,0.6533576741610592,0.7306587093261726,0.8115351823333518
Estrogen,SCAF_05,0.7929195204847089,0.7244209306021767,0.7690232240768363,0.6595968204608356,0.7609078895131405,0.6966154944291674
Estrogen,SCAF_06,0.7559636548265002,0.7061652758696705,0.7353241775166905,0.6856120120681486,0.7523201960584183,0.7140165816061634
Estrogen,SCAF_07,0.7191228094216666,0.6936195074980621,0.7200535251967096,0.6940325304802365,0.7248566803491308,0.6928817018658925
Estrogen,SCAF_08,0.6542642330217615,0.5543112307967981,0.5344851978767674,0.7476493516178736,0.8488709102199886,0.8675460830207348
Estrogen,SCAF_09,0.5736217452783067,0.54715419017534,0.5068843896007806,0.8405054456748766,0.866200010381806,0.9038937497553513
Glucocorticoid,RND_00,0.656380649415087,0.579039251844151,0.5604365530276711,0.5519773070182172,0.6109465521843624,0.6242998091166455
Glucocorticoid,RND_01,0.732468445947099,0.6467214233124151,0.6667383084746853,0.5195657160540855,0.5970512761282991,0.5798900768269792
Glucocorticoid,RND_02,0.6468758743492161,0.5523335753924775,0.5885288768251539,0.572669615863866,0.6447891308567082,0.6181731352960307
Glucocorticoid,RND_03,0.6404220672101886,0.5732434781903282,0.6124153654474396,0.5725764600742125,0.6237736959827906,0.5944567315339045
Glucocorticoid,RND_04,0.681676929117133,0.5814813467797627,0.6203677462947204,0.5558699692375589,0.6373772581640706,0.6070447474533016
Glucocorticoid,RND_05,0.7138750382172917,0.6428423746951106,0.6663051522362922,0.49789075791842713,0.5562706602980553,0.5376887396800719
Glucocorticoid,RND_06,0.6502647202612337,0.5506224461871856,0.5959155181684883,0.599860901601679,0.6799649420738914,0.6447879609879061
Glucocorticoid,RND_07,0.7020829355879689,0.6733169065764774,0.6860317677580058,0.5497914825533754,0.5757230893009001,0.5644080135838055
Glucocorticoid,RND_08,0.7047088371364765,0.6764707758956077,0.701581811530845,0.5585308918390757,0.5846268155445566,0.561480422902745
Glucocorticoid,RND_09,0.7200698833800294,0.6322909465033726,0.688175592262781,0.5474754243100167,0.6274685713815518,0.5778230593720441
Glucocorticoid,SCAF_00,0.6341866350575511,0.5241270251739368,0.5783044537600561,0.6156570939889424,0.7021899747341762,0.6610108847539633
Glucocorticoid,SCAF_01,0.5674813756801995,0.4095270714867454,0.4840791054843189,0.6401154867368977,0.7479213378591888,0.6991131747467788
Glucocorticoid,SCAF_02,0.4956102502871065,0.43643902241883814,0.4998940049082097,0.7443089675045814,0.7867569395085127,0.7411415402446923
Glucocorticoid,SCAF_03,0.5261141502096112,0.49800333794585316,0.5785658096582068,0.7324500251824405,0.7538614622156419,0.6907263295239322
Glucocorticoid,SCAF_04,0.5053929525096579,0.36501754587368707,0.4099505038357981,0.7056790785289837,0.7995726942954232,0.7707638081539115
Glucocorticoid,SCAF_05,0.5671999667307888,0.5191491690914245,0.6057665121277881,0.7268044227292609,0.7660887840457082,0.6936664260190373
Glucocorticoid,SCAF_06,0.48185440109212274,0.23926761731648283,0.4113262136783301,0.6444572529115348,0.7808797499735074,0.6869190449810272
Glucocorticoid,SCAF_07,0.4950718084102961,0.28677965209464906,0.4434126573950262,0.6633230580669699,0.7883555821346353,0.696429160742018
Glucocorticoid,SCAF_08,0.5540568456278026,0.5223364141056746,0.5253564333735812,0.7004473337472472,0.7249312191663884,0.7226359032165464
Glucocorticoid,SCAF_09,0.5202066392153313,0.359833650252426,0.42036883184287566,0.6620002820079136,0.7646760327566946,0.7276238445764693
Glycogen,RND_00,0.6160803433176121,0.5697392921987174,0.5720742512403023,0.7135288749463076,0.7553656336286491,0.7533132184343635
Glycogen,RND_01,0.5895501520871154,0.5727820010597604,0.5137614626357934,0.7131255378743171,0.7275464241628944,0.7761767472265558
Glycogen,RND_02,0.6429830389431006,0.6110385342650458,0.60535290440958,0.6775762730762029,0.7072403889386634,0.712390666350284
Glycogen,RND_03,0.6099731264775122,0.5486907529910479,0.5461327806932761,0.7192807119207976,0.7737279128529343,0.775917517943676
Glycogen,RND_04,0.6157881323234773,0.5451400893621445,0.5802722545847406,0.6917771479717261,0.7526960807291925,0.7230438942607299
Glycogen,RND_05,0.6457699210081906,0.5723549899580355,0.5965680418367856,0.6668417610374457,0.7326925508702872,0.7116479798394953
Glycogen,RND_06,0.6646006624377869,0.6416153883420876,0.6199595240071392,0.6759035070627157,0.6986799434638857,0.7194796691925158
Glycogen,RND_07,0.6488947570202117,0.5996004674578197,0.6131728881181162,0.6714586895629995,0.7170466680217943,0.7047889620154071
Glycogen,RND_08,0.6139757203302403,0.5233398984599964,0.6106260189885229,0.7098439542347602,0.7887874238512489,0.7129171149183315
Glycogen,RND_09,0.557497626407934,0.5285645631607601,0.47354860674881516,0.7306293002087523,0.7541372527507226,0.7969267815672779
Glycogen,SCAF_00,0.4512535318527814,0.2965655492960938,0.35316284548693344,0.8762348896777648,0.9920795324587758,0.9513321015972594
Glycogen,SCAF_01,0.34015143211622,0.23678037725295842,0.19356427398806675,0.9494799897054518,1.0211474121388309,1.0496597805646204
Glycogen,SCAF_02,0.43942575987070454,0.2949804971396951,0.34904033391046196,0.8078802323421297,0.9060058017285489,0.8705775294652013
Glycogen,SCAF_03,0.4516976197652005,0.4374585376942335,0.3134242873131967,0.8412689983184063,0.852122608740552,0.9413888227885926
Glycogen,SCAF_04,0.33626469445209395,0.09181992097307934,0.268634706735965,0.9475085310853378,1.1083365489657606,0.9946100490824452
Glycogen,SCAF_05,0.46022355909160517,0.3623047480957149,0.3865249901976633,0.8220880930565881,0.8935482055729433,0.8764150634760749
Glycogen,SCAF_06,0.4627067619046298,0.3137142129465339,0.3903242097209947,0.7925035884581781,0.8956700501095086,0.8441993722008571
Glycogen,SCAF_07,0.4594355680504518,0.3982573320851611,0.4176295573891152,0.768595999171545,0.8109233200378662,0.7977632913389868
Glycogen,SCAF_08,0.36163310292382034,0.2875082066988319,0.19935178050837654,0.9215191429958878,0.9735519150698,1.0320246089888685
Glycogen,SCAF_09,0.34801101397765877,0.35510698920938677,0.22478552572994048,0.826475955949802,0.8219661424587246,0.9011996830575247
HERG,RND_00,0.6120371074867912,0.5293062565839386,0.5550931768255893,0.5603802731989618,0.6172441138395698,0.6000981355048493
HERG,RND_01,0.6677608991236337,0.606543032063951,0.6164425509304147,0.5257853498573706,0.572178757189529,0.5649347900207269
HERG,RND_02,0.6398999836273103,0.5926522388447102,0.5725892259439873,0.5442687486026997,0.578874600855424,0.5929588569773521
HERG,RND_03,0.6006192942129092,0.5468087426442785,0.5257236351202778,0.5504703397121999,0.5863826946753108,0.5998685932709678
HERG,RND_04,0.632145907124208,0.5598427529883632,0.5628099287074985,0.5389447842766528,0.5895361018261994,0.5875456595373215
HERG,RND_05,0.6437408267114622,0.5854073275371715,0.5901994200206291,0.5273823660630578,0.5689228637718272,0.5656253441408153
HERG,RND_06,0.6188306163615432,0.5643252414677002,0.5624450948876133,0.5479528253976167,0.5858215792524477,0.5870842696809917
HERG,RND_07,0.6004313538611957,0.5301468793782824,0.5691985269727311,0.5449956167487726,0.5909875965446966,0.565895053947834
HERG,RND_08,0.6194606716437348,0.5440105141764668,0.5501933230443454,0.5343494358759207,0.5849287876764684,0.5809496982834089
HERG,RND_09,0.624746481559749,0.5611119095596648,0.5727301178735706,0.5703041612112916,0.6167668908844431,0.608548637454999
HERG,SCAF_00,0.39344900386383175,0.3181426908118933,0.3163202303417769,0.6067362375541441,0.6432992189604145,0.6441583466990648
HERG,SCAF_01,0.5358646555551874,0.4830756564756141,0.432566718252958,0.656715429713691,0.6930561024034926,0.7261265255238016
HERG,SCAF_02,0.47347535031973365,0.40654993020424,0.3693557917494332,0.7064270442953915,0.749980645387578,0.7731258045923988
HERG,SCAF_03,0.527426681813543,0.43130519007088586,0.46297889584426233,0.6309984408872331,0.6922027492030108,0.6726503368875075
HERG,SCAF_04,0.43933343804240443,0.33180929415622995,0.3201507694351383,0.6389091787835075,0.6974884411881426,0.7035469826028122
HERG,SCAF_05,0.41409934650537483,0.32887887529484083,0.3630188660762619,0.6188768122756836,0.6623578297691827,0.645290846577671
HERG,SCAF_06,0.5128294691134859,0.5038868920845752,0.39424939912817714,0.649088176543139,0.6550184670575006,0.7237859030253736
HERG,SCAF_07,0.4604570188232524,0.40338608976153345,0.40828148463925207,0.6271120567964237,0.6594453562787738,0.6567343107841794
HERG,SCAF_08,0.4876651508510892,0.3928305378256659,0.4054430350455621,0.574655797334211,0.6255842464722841,0.619052638607223
HERG,SCAF_09,0.44559210976929653,0.31239740657208404,0.38190454982322386,0.6719238915892244,0.7482972261834365,0.7094685619548448
JAK2,RND_00,0.7117751777603727,0.6868868165592759,0.6875506672690788,0.6440233909960543,0.6712536003676025,0.6705416395721591
JAK2,RND_01,0.6800909783338482,0.6552115998733135,0.6529194618031998,0.6404202319663846,0.6648568120440504,0.6670631206323191
JAK2,RND_02,0.710639453223588,0.685851671110602,0.6983837288274339,0.6086198790411457,0.6341527091157323,0.621375117777282
JAK2,RND_03,0.6761920515832931,0.5993915830465899,0.7012734871595645,0.6571494443265254,0.7309378094678713,0.631185883190861
JAK2,RND_04,0.7124254408571218,0.6514716045828994,0.7025909998804939,0.6377211419769742,0.7020607072097846,0.6485338326337736
JAK2,RND_05,0.7036450671672453,0.6705311786425434,0.709671174549193,0.6577936152383074,0.6935706946262831,0.6510714507237553
JAK2,RND_06,0.7352091597481453,0.6783400520698061,0.7489809316978747,0.6094765811834622,0.6717443735463094,0.5934155199764832
JAK2,RND_07,0.7224519469756732,0.6915868381386614,0.7171968135519823,0.6297571390776808,0.66385076303316,0.6356911366227178
JAK2,RND_08,0.753348421348894,0.7055983923966038,0.7320101362581297,0.6060966708012071,0.6621708179646791,0.6317701940895741
JAK2,RND_09,0.6821590050912932,0.6679564738935534,0.6829596957035189,0.6253400744014848,0.6391588605035022,0.6245519135435098
JAK2,SCAF_00,0.6865498493966515,0.6576831403667359,0.675537973477218,0.7279249506730646,0.7607054171124542,0.7406010142308153
JAK2,SCAF_01,0.5845486632144374,0.5474261881857798,0.5924386016714265,0.7546378710827977,0.7876317704641123,0.7474377658263763
JAK2,SCAF_02,0.5928225440644805,0.47619975227644595,0.5403728327490667,0.637159600625295,0.7226686563088003,0.6769540868079466
JAK2,SCAF_03,0.5580913791478563,0.4911062858570766,0.49233377763097796,0.7263336742295705,0.7794414287586939,0.7785008241135541
JAK2,SCAF_04,0.6626914413619023,0.6149043727910346,0.6580593635363667,0.6742627934260877,0.7204433030275238,0.6788766524778457
JAK2,SCAF_05,0.6390808528544693,0.5972385595820368,0.6195658713010102,0.6869860400767546,0.7257163264409313,0.7053142950988757
JAK2,SCAF_06,0.5686359565442549,0.4579384102795915,0.5600307542089138,0.6799071851245537,0.7621702226003828,0.686655368727889
JAK2,SCAF_07,0.5622935505334454,0.513050549549245,0.5185205791209149,0.7605232880910625,0.802163661487839,0.7976454808678147
JAK2,SCAF_08,0.6416854093456734,0.5588387296306407,0.6157537482944053,0.670165501204106,0.743615631076325,0.6939922821931053
JAK2,SCAF_09,0.6656650475691921,0.6145476873328385,0.6170758556458527,0.6727417446462799,0.722341911803537,0.7199691068779204
LCK,RND_00,0.6736871489534044,0.6180666214422961,0.6192489474309826,0.722875432127373,0.7820601976239399,0.7808487732595509
LCK,RND_01,0.6304281413230848,0.519931931217257,0.5116861039696379,0.749351448923934,0.854058293739205,0.8613618760556646
LCK,RND_02,0.6326929608545246,0.5693407542183296,0.5934143345669736,0.7512368944670692,0.8134468294652534,0.7903843175281904
LCK,RND_03,0.5316782879548567,0.4824745246552232,0.4251903240177374,0.8652795224723568,0.9095993597860095,0.9586196226493587
LCK,RND_04,0.5852506408097711,0.5206772831872165,0.4649514076107245,0.8051884118319746,0.8656028152159047,0.9145369712308296
LCK,RND_05,0.6066474819545974,0.5411356517617043,0.5396626687644522,0.8059707525826932,0.8705034025835944,0.8718994680541859
LCK,RND_06,0.6171796140982453,0.5412561257014195,0.5650639768142998,0.7876820950440268,0.8622606839015926,0.8395878300522174
LCK,RND_07,0.6282523764682068,0.5947578070941789,0.5953567621417852,0.7771776926723858,0.8114346601672707,0.8108347811187119
LCK,RND_08,0.6087738942720485,0.5392587609060149,0.5337522433489875,0.8265647571712857,0.8969980804177528,0.9023423656299029
LCK,RND_09,0.6361870826733103,0.5000141428049414,0.5604712511192833,0.7842283288610258,0.9193530663001762,0.86197984741499
LCK,SCAF_00,0.46421977931541825,0.36593098761117027,0.45705013205021694,0.9319307986188723,1.013814715858941,0.9381454836068637
LCK,SCAF_01,0.3427348989835145,0.1913577744933943,0.23703951860312478,0.9072086131984427,1.006271299454942,0.977435031396264
LCK,SCAF_02,0.5387566751313717,0.4608321595600696,0.5365490194743809,0.8632279435924388,0.9333025092665057,0.86529131780219
LCK,SCAF_03,0.423567360003983,0.4310034361999312,0.31372397875498714,0.9338650679791785,0.9278220088467057,1.0189649855958092
LCK,SCAF_04,0.5054712515781334,0.4658429416752631,0.4827274127474942,1.014245546721939,1.0541000247310783,1.0373064290878915
LCK,SCAF_05,0.527234391122152,0.4518128411638901,0.49849291121383177,0.7784142286687088,0.8382088784131576,0.80172673407528
LCK,SCAF_06,0.50648632013582,0.3763791027564485,0.4300146336135616,0.8422077765023777,0.9467383709608234,0.905110290019864
LCK,SCAF_07,0.39538356575329214,0.22769955246637918,0.16064602737256461,0.9253894253324629,1.04586999047237,1.0903279212362649
LCK,SCAF_08,0.4758090394243747,0.4465786338654948,0.41902562455217085,0.887640227729713,0.9120532042934979,0.9344814855157956
LCK,SCAF_09,0.2170588607408518,0.051777820022998355,0.06825752252238548,0.9242099517944137,1.0170941087535954,1.0082170359304048
Monoamine,RND_00,0.6104730348256047,0.5199312567959404,0.5407598554219366,0.6454860371965158,0.7165884498975958,0.7008708719079504
Monoamine,RND_01,0.6736492872450117,0.6266599836308482,0.6141868209591352,0.6100418814944868,0.652483659958091,0.6632937398091254
Monoamine,RND_02,0.6297386289821388,0.5824407657329211,0.5967377479581786,0.6217196034774888,0.6602363103908546,0.648834814062426
Monoamine,RND_03,0.6375489212461972,0.5454870504153926,0.5725072935630536,0.5960529763437463,0.6674723706670996,0.6473281857815181
Monoamine,RND_04,0.6507410228942526,0.6258302319120833,0.6121349766666255,0.5769519462774727,0.597173051584917,0.6080036168357857
Monoamine,RND_05,0.6987529976717202,0.6639200913110932,0.639936359063465,0.5799083144341051,0.6125185471840289,0.6339975839317219
Monoamine,RND_06,0.6342490731835941,0.5053449537174515,0.5571969092579727,0.6410394808538817,0.7454925064048619,0.7053381625949927
Monoamine,RND_07,0.67137090037467,0.64119920410239,0.6298044763313527,0.6530393190214812,0.6823591523183817,0.6931095832908208
Monoamine,RND_08,0.6349966733675965,0.5720760965076586,0.5330631710446553,0.6421352867739469,0.6952826592562716,0.7262851919450317
Monoamine,RND_09,0.5969528874015868,0.5574867383450575,0.4956279956959947,0.6952404364191149,0.7284844093869718,0.7777367173269444
Monoamine,SCAF_00,0.2958779414043332,0.15313966359209275,0.058216754698234174,0.8555166454331382,0.9382323110314866,0.9894183685701233
Monoamine,SCAF_01,0.32750536942472985,0.2531464591716921,0.12766854215980994,0.8819825209001094,0.9294655337300941,1.0045147886998849
Monoamine,SCAF_02,0.5006251855219748,0.43943643746314875,0.29897360074781487,0.7656283059686884,0.8111797413932957,0.9071348464337554
Monoamine,SCAF_03,0.5967369013377397,0.5259005298610764,0.3797492192119861,0.6673884980458993,0.7236344117715606,0.8276908153931108
Monoamine,SCAF_04,0.20630273872187266,0.20437171533839527,0.1670560927502167,0.8186946043555302,0.8196899196333315,0.8386917387971154
Monoamine,SCAF_05,0.44787391401265797,0.2833031620194256,0.31209410474639554,0.7181274628930587,0.8181824251191318,0.8015800834337038
Monoamine,SCAF_06,0.4280928121217267,0.39807262480452543,0.27213770640842927,0.7778750019716779,0.7980297561830061,0.8775495512167527
Monoamine,SCAF_07,0.3294815712309108,0.23388643614318283,0.26687177390089767,0.6886794267015869,0.7361364554264385,0.7201147725719023
Monoamine,SCAF_08,0.37430246750710805,0.3128817294362398,0.27018557370539165,0.8420760264769749,0.8824392778340108,0.9094426222463048
Monoamine,SCAF_09,0.1190326824812259,0.09215215995973358,-0.05092408417680483,0.9790801320806483,0.9939049911820705,1.0693601887380457
Vanilloid,RND_00,0.5091393797728057,0.47887997316030884,0.4011567184435001,0.7196885593831231,0.7415396622671371,0.7949175654949355
Vanilloid,RND_01,0.5843614689144998,0.5365227510512098,0.5232293718595356,0.6729234904267734,0.7105947565260367,0.7207132965730104
Vanilloid,RND_02,0.5889780484374301,0.5446673292668329,0.5136515647779959,0.6568716106570684,0.6913729604723071,0.7145321023557989
Vanilloid,RND_03,0.5440267675344821,0.48188836108341593,0.45643069654555135,0.7025948083866916,0.7489398447614415,0.7671189721587669
Vanilloid,RND_04,0.5927687912130081,0.5455993903427864,0.5714979446374677,0.6633345860172214,0.700699113144986,0.6804380163566165
Vanilloid,RND_05,0.6127057534972645,0.5466140814148346,0.5519512331561907,0.6320102344471425,0.6838133924627899,0.6797766326311572
Vanilloid,RND_06,0.584778099738523,0.5146942770115657,0.4997749665818453,0.6563100818721216,0.7095396285107831,0.7203634358510138
Vanilloid,RND_07,0.5757467455801205,0.5358625362504168,0.5043914929408262,0.6700402637549934,0.7008282861128393,0.7241986082729184
Vanilloid,RND_08,0.49289820351124713,0.4276685037150868,0.40702757126502276,0.6816332862024547,0.7241475052854006,0.7370899095174569
Vanilloid,RND_09,0.5439625635167572,0.4681947242091208,0.43347594204019435,0.6519195673681508,0.7039958344960217,0.7266126381468497
Vanilloid,SCAF_00,0.40710051136108505,0.37792712957370433,0.31806907043176724,0.7322531545970307,0.7500519494900975,0.7853096023119377
Vanilloid,SCAF_01,0.3687684359663811,0.3121711603934021,0.2258544984961286,0.7269544924354131,0.7588449734912902,0.8050524358863776
Vanilloid,SCAF_02,0.43111230872339046,0.36131864818768555,0.31976005153707254,0.7729213923470337,0.8189628032289682,0.8451876169923507
Vanilloid,SCAF_03,0.432907892694369,0.2560991704238861,0.271932308533549,0.7395458608922825,0.847024223869285,0.8379617382253061
Vanilloid,SCAF_04,0.3460954873823806,0.27422738249545175,0.19154727325639298,0.8457426757907903,0.8910075162332907,0.9403908467740114
Vanilloid,SCAF_05,0.3821547754151229,0.29851014801454223,0.2932575753320549,0.7774020571548859,0.8283550700540231,0.83145053948408
Vanilloid,SCAF_06,0.25460317605348026,0.14664154081437397,0.07748697344168598,0.7270171799215831,0.7778872507732438,0.8087925801774558
Vanilloid,SCAF_07,0.27027311866702985,0.1503865838374817,0.1450199102569084,0.788000668068934,0.8502704658001516,0.8529516504205021
Vanilloid,SCAF_08,0.28685169266508936,0.18193207567156577,0.0988160203341556,0.7343151292730892,0.7864791806764223,0.8254661706196339
Vanilloid,SCAF_09,0.3567136695869936,0.14489336495188487,0.17294693431303743,0.6903579451324874,0.7959436165744223,0.7827784371587094
erbB1,RND_00,0.7290368553099285,0.6942518952371755,0.7021820533316289,0.7097455753120635,0.7539272983284145,0.744085796004179
erbB1,RND_01,0.7294512901574218,0.6922519059247976,0.6893217655740078,0.7009526442409378,0.747590253492961,0.751140811427323
erbB1,RND_02,0.7525248341596176,0.7091035819858408,0.6875339365453164,0.6954160956966972,0.7539596656729629,0.7814125004205081
erbB1,RND_03,0.7582886102422333,0.716118448779002,0.7038135494185446,0.6818983624457401,0.7389918939903707,0.7548378751702756
erbB1,RND_04,0.7369259632670302,0.7062424299243037,0.6971518291211538,0.7119704469802911,0.7523458090970432,0.7638981355398436
erbB1,RND_05,0.7317966116050237,0.6734762719483824,0.6915887536186969,0.7104330930610933,0.7838779106524495,0.7618266420531892
erbB1,RND_06,0.7418534516590736,0.7116226488066839,0.6951090785843015,0.7133397430175962,0.7539522367061938,0.7752388098055392
erbB1,RND_07,0.7531605323446393,0.7007262494110253,0.7098615578556914,0.6734589264574756,0.7415460507744004,0.7301405196253008
erbB1,RND_08,0.7328975707435592,0.7093625444678815,0.6921154428033851,0.7014997027769605,0.7317527509129184,0.7531518123837907
erbB1,RND_09,0.7639460861685936,0.7427902514774543,0.7467556632441995,0.6661355924321766,0.6953456606952116,0.689964756449805
erbB1,SCAF_00,0.6926153896805818,0.6392349062900946,0.6635129038834497,0.763557843072993,0.8272049746491225,0.7988865133206611
erbB1,SCAF_01,0.5356781240952826,0.4924827527820066,0.4430430194204684,0.9300473084636905,0.972346086124985,1.0186061485095128
erbB1,SCAF_02,0.5402895342535403,0.4976874131898318,0.48914541913312215,0.9048289209441647,0.9458261308049306,0.9538342743652317
erbB1,SCAF_03,0.5797488245273803,0.5112044127949009,0.48853021700926325,0.9188608727549246,0.990966397805483,1.0136902768227116
erbB1,SCAF_04,0.5955511294902334,0.5730114842990455,0.5153567965244619,0.8317091147588037,0.8545702007631363,0.9104387018041933
erbB1,SCAF_05,0.6163395095584789,0.5419062245727247,0.5900147096389546,0.8563850208149232,0.9357777588613936,0.8852779784353491
erbB1,SCAF_06,0.582472484684069,0.5451129189919025,0.48762225438260487,0.8773459339059755,0.9157567290538634,0.9719041720794613
erbB1,SCAF_07,0.5851647496149446,0.5170756239978792,0.5399050252316691,0.9026964599902343,0.9739652822583243,0.950665334011056
erbB1,SCAF_08,0.5926423259334286,0.5536933568080356,0.5069620627521907,0.8898389793982919,0.9314084005918459,0.9789570624568518
erbB1,SCAF_09,0.6589594692508038,0.627869756725902,0.5636017467702737,0.8379906466541616,0.8753538715341634,0.9479330715980598
opioid,RND_00,0.7107856748491841,0.6401263209364145,0.6409292909805624,0.6473520442432497,0.7221138346377242,0.7213077746044637
opioid,RND_01,0.6918418688870717,0.5924361771983702,0.5911585993775226,0.6709580713331997,0.7716251588782164,0.7728336074626193
opioid,RND_02,0.6651767129329471,0.5902165886896176,0.6428389031783829,0.7548311778609411,0.8350628993663101,0.7796040315178854
opioid,RND_03,0.7231185683657736,0.6419514952185381,0.6973265315738066,0.5764834628214346,0.655557619920793,0.6027359759973452
opioid,RND_04,0.7062020856520295,0.6147464350806555,0.6750319482720653,0.6746363651560042,0.7725359993979936,0.7095217720296436
opioid,RND_05,0.6294429738961075,0.5616759137323153,0.5344219849439772,0.697372334572005,0.7584637979689877,0.781687956037611
opioid,RND_06,0.7585060981169127,0.6647837154597722,0.714715520915516,0.5999830813313496,0.7068845243402552,0.6521162042853708
opioid,RND_07,0.6711875202136871,0.5808885053231405,0.6385058256666238,0.6990499690820492,0.7892214143260825,0.7329675129980271
opioid,RND_08,0.7066215619025724,0.615325658247726,0.6953691586060304,0.6581984937433889,0.7536841769719183,0.6707021878707135
opioid,RND_09,0.7300200757584249,0.6625067113884151,0.7077178288423236,0.6446937905819339,0.7208092017661484,0.6707936057448531
opioid,SCAF_00,0.6932537569809705,0.6331327716121988,0.6095449103873626,0.6740744093471858,0.7371785214617943,0.7605079491454069
opioid,SCAF_01,0.6560304553147488,0.6326564360181121,0.6688965615524691,0.6777197959683307,0.7003681587429912,0.6649240187858447
opioid,SCAF_02,0.6471467743807202,0.5633800933187749,0.6373729167125257,0.705851957895827,0.7851784003518765,0.7155610557577373
opioid,SCAF_03,0.5848885624250564,0.4499443981665079,0.5220176362883533,0.767396258113018,0.8833658855435612,0.8234614329389875
opioid,SCAF_04,0.6722301500456576,0.6648433405682777,0.6419068518736556,0.6851877963497526,0.6928656718493927,0.7161815417898686
opioid,SCAF_05,0.6406666374934193,0.5206606523588617,0.6039404643112087,0.6685012730698526,0.7721025880708745,0.7018328710228166
opioid,SCAF_06,0.7844243144534984,0.6034361540913511,0.7091078624979543,0.5786121245773765,0.7847732674663123,0.672130546557234
opioid,SCAF_07,0.6402383206483703,0.5578891931363146,0.5665747651572846,0.761375377492333,0.8440281711728465,0.8356962887388577
opioid,SCAF_08,0.5899453129242167,0.5128270354198975,0.47463572162269685,0.833840630037102,0.9088741518436632,0.9438270775797456
opioid,SCAF_09,0.5940543009277748,0.46899434020837305,0.5379225759820103,0.7448452953034002,0.8518863936935996,0.794674874400572
